title | LZ_0.uncompressed | LZ_1.uncompressed | LZ_1.compressed | LZ_1.compressMs | LZ_1.uncompressMs | LZ_1.verified | LZ_2.uncompressed | LZ_3.uncompressed | LZ_4.uncompressed | LZ_5.uncompressed | LZ_6.uncompressed | LZ_7.uncompressed | LZ_8.uncompressed | LZ_9.uncompressed | LZ_10.uncompressed | LZ_11.uncompressed | LZ_11.compressed | LZ_11.compressMs | LZ_11.uncompressMs | LZ_11.verified | LZ_12.uncompressed | LZ_13.uncompressed | LZ_14.uncompressed | LZ_15.uncompressed | LZ_16.uncompressed | LZ_17.uncompressed | LZ_17.compressed | LZ_17.compressMs | LZ_17.uncompressMs | LZ_17.verified | LZ_18.uncompressed | LZ_19.uncompressed
----- | ----------------- | ----------------- | --------------- | --------------- | ----------------- | ------------- | ----------------- | ----------------- | ----------------- | ----------------- | ----------------- | ----------------- | ----------------- | ----------------- | ------------------ | ------------------ | ---------------- | ---------------- | ------------------ | -------------- | ------------------ | ------------------ | ------------------ | ------------------ | ------------------ | ------------------ | ---------------- | ---------------- | ------------------ | -------------- | ------------------ | ------------------
AccessibleComputing                      |     69 |     69 |     65 | 24.0098 | 19.8117 | true |     69 |     69 |     69 |     69 |     69 |     69 |     69 |     69 |     69 |     69 |     68 | 6.5052 | 8.7130 | true |     69 |     69 |     69 |     69 |     69 |     69 |     72 | 6.5316 | 6.4885 | true |     69 |     69
Anarchism                                | 186232 | 186232 |  61396 | 18506.2836 | 2934.9255 | true | 186232 | 186232 | 186232 | 186232 | 186232 | 186232 | 186232 | 186232 | 186232 | 186232 |   null | null | null | null | 186232 | 186232 | 186232 | 186232 | 186232 | 186232 |   null | null | null | null | 186232 | 186232
AfghanistanHistory                       |     57 |     57 |     56 | 1.9340 | 1.9712 | true |     57 |     57 |     57 |     57 |     57 |     57 |     57 |     57 |     57 |     57 |     58 | 1.5855 | 1.7243 | true |     57 |     57 |     57 |     57 |     57 |     57 |     65 | 1.7365 | 1.7595 | true |     57 |     57
AfghanistanGeography                     |     59 |     59 |     57 | 2.2753 | 2.1105 | true |     59 |     59 |     59 |     59 |     59 |     59 |     59 |     59 |     59 |     59 |     63 | 1.7370 | 1.5664 | true |     59 |     59 |     59 |     59 |     59 |     59 |     62 | 1.6730 | 1.5820 | true |     59 |     59
AfghanistanPeople                        |     62 |     62 |     60 | 1.6412 | 1.5718 | true |     62 |     62 |     62 |     62 |     62 |     62 |     62 |     62 |     62 |     62 |     63 | 1.6417 | 1.5889 | true |     62 |     62 |     62 |     62 |     62 |     62 |     64 | 1.6837 | 1.5904 | true |     62 |     62
AfghanistanCommunications                |     64 |     64 |     59 | 1.6417 | 1.7312 | true |     64 |     64 |     64 |     64 |     64 |     64 |     64 |     64 |     64 |     64 |     60 | 1.8338 | 1.6109 | true |     64 |     64 |     64 |     64 |     64 |     64 |     66 | 2.3256 | 2.2885 | true |     64 |     64
AfghanistanTransportations               |     79 |     79 |     75 | 2.6410 | 2.6146 | true |     79 |     79 |     79 |     79 |     79 |     79 |     79 |     79 |     79 |     79 |     81 | 2.7280 | 2.6796 | true |     79 |     79 |     79 |     79 |     79 |     79 |     80 | 3.5488 | 3.3645 | true |     79 |     79
AfghanistanMilitary                      |     54 |     54 |     58 | 2.1687 | 2.1800 | true |     54 |     54 |     54 |     54 |     54 |     54 |     54 |     54 |     54 |     54 |     63 | 2.0201 | 2.0695 | true |     54 |     54 |     54 |     54 |     54 |     54 |     59 | 2.0338 | 1.9243 | true |     54 |     54
AfghanistanTransnationalIssues           |     67 |     67 |     62 | 2.1868 | 2.1418 | true |     67 |     67 |     67 |     67 |     67 |     67 |     67 |     67 |     67 |     67 |     66 | 2.2895 | 2.4884 | true |     67 |     67 |     67 |     67 |     67 |     67 |     66 | 2.3457 | 2.2601 | true |     67 |     67
AssistiveTechnology                      |     55 |     55 |     54 | 1.9961 | 1.8998 | true |     55 |     55 |     55 |     55 |     55 |     55 |     55 |     55 |     55 |     55 |     55 | 1.7688 | 1.4134 | true |     55 |     55 |     55 |     55 |     55 |     55 |     56 | 1.5703 | 1.5244 | true |     55 |     55
AmoeboidTaxa                             |     41 |     41 |     51 | 1.3557 | 1.3317 | true |     41 |     41 |     41 |     41 |     41 |     41 |     41 |     41 |     41 |     41 |     54 | 1.3215 | 1.3073 | true |     41 |     41 |     41 |     41 |     41 |     41 |     53 | 1.3537 | 2.0308 | true |     41 |     41
Autism                                   | 149779 | 149779 |   null | null | null | null | 149779 | 149779 | 149779 | 149779 | 149779 | 149779 | 149779 | 149779 | 149779 | 149779 |  47465 | 9902.6114 | 1832.0170 | true | 149779 | 149779 | 149779 | 149779 | 149779 | 149779 |   null | null | null | null | 149779 | 149779
AlbaniaHistory                           |     53 |     53 |     52 | 1.3933 | 1.6285 | true |     53 |     53 |     53 |     53 |     53 |     53 |     53 |     53 |     53 |     53 |     56 | 1.3576 | 1.3063 | true |     53 |     53 |     53 |     53 |     53 |     53 |     56 | 1.4730 | 1.4349 | true |     53 |     53
AlbaniaPeople                            |     58 |     58 |     55 | 1.5234 | 1.4515 | true |     58 |     58 |     58 |     58 |     58 |     58 |     58 |     58 |     58 |     58 |     61 | 1.5009 | 1.5615 | true |     58 |     58 |     58 |     58 |     58 |     58 |     55 | 1.3674 | 1.4652 | true |     58 |     58
AsWeMayThink                             |     50 |     50 |     60 | 1.6612 | 1.5992 | true |     50 |     50 |     50 |     50 |     50 |     50 |     50 |     50 |     50 |     50 |     66 | 1.9546 | 2.0592 | true |     50 |     50 |     50 |     50 |     50 |     50 |     61 | 1.7986 | 1.5488 | true |     50 |     50
AlbaniaGovernment                        |     54 |     54 |     52 | 1.3430 | 1.6080 | true |     54 |     54 |     54 |     54 |     54 |     54 |     54 |     54 |     54 |     54 |     59 | 1.4442 | 1.4740 | true |     54 |     54 |     54 |     54 |     54 |     54 |     53 | 1.8343 | 1.8812 | true |     54 |     54
AlbaniaEconomy                           |     53 |     53 |     53 | 1.3498 | 1.4735 | true |     53 |     53 |     53 |     53 |     53 |     53 |     53 |     53 |     53 |     53 |     59 | 1.4936 | 1.4579 | true |     53 |     53 |     53 |     53 |     53 |     53 |     53 | 1.6872 | 1.6945 | true |     53 |     53
Albedo                                   |  35354 |  35354 |   null | null | null | null |  35354 |  35354 |  35354 |  35354 |  35354 |  35354 |  35354 |  35354 |  35354 |  35354 |   null | null | null | null |  35354 |  35354 |  35354 |  35354 |  35354 |  35354 |  11336 | 923.3479 | 470.5537 | true |  35354 |  35354
AfroAsiaticLanguages                     |     56 |     56 |     58 | 1.5508 | 1.5556 | true |     56 |     56 |     56 |     56 |     56 |     56 |     56 |     56 |     56 |     56 |     59 | 1.5043 | 1.4745 | true |     56 |     56 |     56 |     56 |     56 |     56 |     61 | 1.5483 | 1.5019 | true |     56 |     56
ArtificalLanguages                       |    142 |    142 |    124 | 3.5298 | 4.2709 | true |    142 |    142 |    142 |    142 |    142 |    142 |    142 |    142 |    142 |    142 |    136 | 3.6525 | 3.6007 | true |    142 |    142 |    142 |    142 |    142 |    142 |    138 | 3.9341 | 4.2524 | true |    142 |    142
AbacuS                                   |     41 |     41 |     47 | 1.2080 | 1.1831 | true |     41 |     41 |     41 |     41 |     41 |     41 |     41 |     41 |     41 |     41 |     53 | 1.2618 | 1.2657 | true |     41 |     41 |     41 |     41 |     41 |     41 |     48 | 1.1244 | 1.1425 | true |     41 |     41
AbalonE                                  |     42 |     42 |     48 | 1.3972 | 1.1792 | true |     42 |     42 |     42 |     42 |     42 |     42 |     42 |     42 |     42 |     42 |     51 | 1.3371 | 1.5835 | true |     42 |     42 |     42 |     42 |     42 |     42 |     51 | 1.2266 | 1.2476 | true |     42 |     42
AbbadideS                                |     50 |     50 |     58 | 1.5547 | 1.5879 | true |     50 |     50 |     50 |     50 |     50 |     50 |     50 |     50 |     50 |     50 |     61 | 1.5160 | 1.5185 | true |     50 |     50 |     50 |     50 |     50 |     50 |     56 | 1.4843 | 1.5053 | true |     50 |     50
AbbesS                                   |     41 |     41 |     48 | 1.2775 | 1.2120 | true |     41 |     41 |     41 |     41 |     41 |     41 |     41 |     41 |     41 |     41 |     51 | 1.2696 | 1.2027 | true |     41 |     41 |     41 |     41 |     41 |     41 |     47 | 1.2344 | 1.1670 | true |     41 |     41
AbbevilleFrance                          |     44 |     44 |     51 | 1.3870 | 1.3171 | true |     44 |     44 |     44 |     44 |     44 |     44 |     44 |     44 |     44 |     44 |     53 | 1.3664 | 1.5395 | true |     44 |     44 |     44 |     44 |     44 |     44 |     51 | 1.2946 | 1.2956 | true |     44 |     44
AbbeY                                    |     40 |     40 |     47 | 1.2222 | 1.2080 | true |     40 |     40 |     40 |     40 |     40 |     40 |     40 |     40 |     40 |     40 |     52 | 1.2608 | 1.3792 | true |     40 |     40 |     40 |     40 |     40 |     40 |     47 | 1.1469 | 1.1782 | true |     40 |     40
AbboT                                    |     40 |     40 |     49 | 1.2550 | 1.2804 | true |     40 |     40 |     40 |     40 |     40 |     40 |     40 |     40 |     40 |     40 |     51 | 1.2183 | 1.1655 | true |     40 |     40 |     40 |     40 |     40 |     40 |     48 | 1.1328 | 1.1562 | true |     40 |     40
Abbreviations                            |     44 |     44 |     45 | 1.2349 | 1.1728 | true |     44 |     44 |     44 |     44 |     44 |     44 |     44 |     44 |     44 |     44 |     46 | 1.1816 | 1.1523 | true |     44 |     44 |     44 |     44 |     44 |     44 |     45 | 1.2472 | 1.2379 | true |     44 |     44
AtlasShrugged                            |     50 |     50 |     59 | 1.5288 | 1.5283 | true |     50 |     50 |     50 |     50 |     50 |     50 |     50 |     50 |     50 |     50 |     60 | 1.5165 | 1.4232 | true |     50 |     50 |     50 |     50 |     50 |     50 |     62 | 1.5762 | 1.5512 | true |     50 |     50
ArtificialLanguages                      |     55 |     55 |     51 | 1.3562 | 1.4183 | true |     55 |     55 |     55 |     55 |     55 |     55 |     55 |     55 |     55 |     55 |     52 | 1.2432 | 1.2858 | true |     55 |     55 |     55 |     55 |     55 |     55 |     57 | 1.5473 | 1.5586 | true |     55 |     55
AtlasShruggedCharacters                  |     68 |     68 |     64 | 1.6984 | 1.6788 | true |     68 |     68 |     68 |     68 |     68 |     68 |     68 |     68 |     68 |     68 |     64 | 1.6324 | 1.6182 | true |     68 |     68 |     68 |     68 |     68 |     68 |     68 | 1.8441 | 1.8397 | true |     68 |     68
AtlasShruggedCompanies                   |     49 |     49 |     58 | 1.5405 | 1.9624 | true |     49 |     49 |     49 |     49 |     49 |     49 |     49 |     49 |     49 |     49 |     57 | 1.3884 | 1.4320 | true |     49 |     49 |     49 |     49 |     49 |     49 |     60 | 1.5405 | 1.5825 | true |     49 |     49
AyersMusicPublishingCompany              |     67 |     67 |     73 | 2.0147 | 2.0245 | true |     67 |     67 |     67 |     67 |     67 |     67 |     67 |     67 |     67 |     67 |     72 | 1.8426 | 1.8211 | true |     67 |     67 |     67 |     67 |     67 |     67 |     77 | 2.0939 | 2.0269 | true |     67 |     67
AfricanAmericanPeople                    |     52 |     52 |     53 | 1.4241 | 1.7268 | true |     52 |     52 |     52 |     52 |     52 |     52 |     52 |     52 |     52 |     52 |     55 | 1.3220 | 1.3107 | true |     52 |     52 |     52 |     52 |     52 |     52 |     56 | 1.3894 | 1.3586 | true |     52 |     52
AdolfHitler                              |     47 |     47 |     49 | 1.2476 | 1.2154 | true |     47 |     47 |     47 |     47 |     47 |     47 |     47 |     47 |     47 |     47 |     55 | 1.3176 | 1.3053 | true |     47 |     47 |     47 |     47 |     47 |     47 |     57 | 1.4359 | 1.7590 | true |     47 |     47
AbeceDarians                             |     46 |     46 |     51 | 1.5107 | 1.7419 | true |     46 |     46 |     46 |     46 |     46 |     46 |     46 |     46 |     46 |     46 |     54 | 1.6304 | 1.7292 | true |     46 |     46 |     46 |     46 |     46 |     46 |     52 | 1.2843 | 1.2432 | true |     46 |     46
AbeL                                     |     48 |     48 |     52 | 1.3547 | 1.2858 | true |     48 |     48 |     48 |     48 |     48 |     48 |     48 |     48 |     48 |     48 |     54 | 1.6251 | 1.6119 | true |     48 |     48 |     48 |     48 |     48 |     48 |     50 | 1.3801 | 1.2652 | true |     48 |     48
AbensbergGermany                         |     44 |     44 |     51 | 1.6916 | 1.6740 | true |     44 |     44 |     44 |     44 |     44 |     44 |     44 |     44 |     44 |     44 |     53 | 1.6524 | 1.6397 | true |     44 |     44 |     44 |     44 |     44 |     44 |     53 | 1.4520 | 1.3640 | true |     44 |     44
AberdeenSouthDakota                      |     57 |     57 |     64 | 1.9199 | 24.4019 | true |     57 |     57 |     57 |     57 |     57 |     57 |     57 |     57 |     57 |     57 |     66 | 2.2650 | 2.2528 | true |     57 |     57 |     57 |     57 |     57 |     57 |     66 | 1.5879 | 1.6691 | true |     57 |     57
ArthurKoestler                           |     50 |     50 |     55 | 1.4857 | 1.6480 | true |     50 |     50 |     50 |     50 |     50 |     50 |     50 |     50 |     50 |     50 |     58 | 1.8793 | 1.8592 | true |     50 |     50 |     50 |     50 |     50 |     50 |     59 | 1.5107 | 1.4911 | true |     50 |     50
AynRand                                  |     43 |     43 |     51 | 1.2530 | 1.2379 | true |     43 |     43 |     43 |     43 |     43 |     43 |     43 |     43 |     43 |     43 |     54 | 1.6456 | 1.6876 | true |     43 |     43 |     43 |     43 |     43 |     43 |     52 | 1.3513 | 1.3557 | true |     43 |     43
AlexanderTheGreat                        |     53 |     53 |     54 | 1.3845 | 1.4412 | true |     53 |     53 |     53 |     53 |     53 |     53 |     53 |     53 |     53 |     53 |     56 | 1.4012 | 1.4173 | true |     53 |     53 |     53 |     53 |     53 |     53 |     58 | 1.7165 | 1.7981 | true |     53 |     53
AnchorageAlaska                          |     51 |     51 |     63 | 2.0949 | 2.0577 | true |     51 |     51 |     51 |     51 |     51 |     51 |     51 |     51 |     51 |     51 |     61 | 1.5561 | 1.5385 | true |     51 |     51 |     51 |     51 |     51 |     51 |     61 | 1.4760 | 1.6392 | true |     51 |     51
ArgumentForms                            |     47 |     47 |     48 | 1.6358 | 1.6280 | true |     47 |     47 |     47 |     47 |     47 |     47 |     47 |     47 |     47 |     47 |     53 | 1.3107 | 1.3645 | true |     47 |     47 |     47 |     47 |     47 |     47 |     50 | 1.2423 | 1.2242 | true |     47 |     47
ArgumentsForTheExistenceOfGod            |     50 |     50 |     54 | 1.3361 | 1.3405 | true |     50 |     50 |     50 |     50 |     50 |     50 |     50 |     50 |     50 |     50 |     59 | 1.8299 | 1.8050 | true |     50 |     50 |     50 |     50 |     50 |     50 |     55 | 1.3767 | 1.3728 | true |     50 |     50
AnarchY                                  |     43 |     43 |     47 | 1.1332 | 1.1249 | true |     43 |     43 |     43 |     43 |     43 |     43 |     43 |     43 |     43 |     43 |     52 | 1.2320 | 1.2090 | true |     43 |     43 |     43 |     43 |     43 |     43 |     47 | 1.2227 | 1.1103 | true |     43 |     43
AsciiArt                                 |     43 |     43 |     57 | 1.4940 | 1.6378 | true |     43 |     43 |     43 |     43 |     43 |     43 |     43 |     43 |     43 |     43 |     59 | 1.4217 | 1.4936 | true |     43 |     43 |     43 |     43 |     43 |     43 |     55 | 1.2320 | 1.2970 | true |     43 |     43
AcademyAwards                            |     48 |     48 |     58 | 1.8925 | 1.8548 | true |     48 |     48 |     48 |     48 |     48 |     48 |     48 |     48 |     48 |     48 |     56 | 1.3669 | 1.3552 | true |     48 |     48 |     48 |     48 |     48 |     48 |     57 | 1.3777 | 1.3660 | true |     48 |     48
AcademyAwards/BestPicture                |     96 |     96 |     85 | 2.4229 | 2.4127 | true |     96 |     96 |     96 |     96 |     96 |     96 |     96 |     96 |     96 |     96 |     76 | 2.0695 | 2.5510 | true |     96 |     96 |     96 |     96 |     96 |     96 |     86 | 2.3384 | 2.3173 | true |     96 |     96
AustriaLanguage                          |     50 |     50 |     50 | 1.5752 | 1.2569 | true |     50 |     50 |     50 |     50 |     50 |     50 |     50 |     50 |     50 |     50 |     53 | 1.6617 | 1.6216 | true |     50 |     50 |     50 |     50 |     50 |     50 |     51 | 1.3298 | 1.2261 | true |     50 |     50
AcademicElitism                          |     45 |     45 |     53 | 1.3127 | 1.3000 | true |     45 |     45 |     45 |     45 |     45 |     45 |     45 |     45 |     45 |     45 |     56 | 1.5869 | 1.3019 | true |     45 |     45 |     45 |     45 |     45 |     45 |     53 | 1.2672 | 1.2853 | true |     45 |     45
AxiomOfChoice                            |     49 |     49 |     59 | 1.4148 | 1.3899 | true |     49 |     49 |     49 |     49 |     49 |     49 |     49 |     49 |     49 |     49 |     63 | 1.9878 | 1.8622 | true |     49 |     49 |     49 |     49 |     49 |     49 |     58 | 1.8118 | 1.5957 | true |     49 |     49
AmericanFootball                         |     51 |     51 |     55 | 1.3816 | 1.3567 | true |     51 |     51 |     51 |     51 |     51 |     51 |     51 |     51 |     51 |     51 |     60 | 1.4989 | 1.4246 | true |     51 |     51 |     51 |     51 |     51 |     51 |     57 | 1.3718 | 1.4104 | true |     51 |     51
AnnaKournikova                           |     50 |     50 |     60 | 1.8226 | 1.5263 | true |     50 |     50 |     50 |     50 |     50 |     50 |     50 |     50 |     50 |     50 |     60 | 1.9208 | 1.9042 | true |     50 |     50 |     50 |     50 |     50 |     50 |     59 | 1.9526 | 1.9428 | true |     50 |     50
AndorrA                                  |     42 |     42 |     50 | 1.9252 | 1.8108 | true |     42 |     42 |     42 |     42 |     42 |     42 |     42 |     42 |     42 |     42 |     54 | 1.6378 | 1.2882 | true |     42 |     42 |     42 |     42 |     42 |     42 |     48 | 1.5239 | 1.6280 | true |     42 |     42
AustroAsiaticLanguages                   |     57 |     57 |     60 | 2.1012 | 2.0240 | true |     57 |     57 |     57 |     57 |     57 |     57 |     57 |     57 |     57 |     57 |     60 | 1.9585 | 1.9614 | true |     57 |     57 |     57 |     57 |     57 |     57 |     62 | 1.6832 | 1.6916 | true |     57 |     57
ActresseS                                |     62 |     62 |     64 | 1.7639 | 1.7664 | true |     62 |     62 |     62 |     62 |     62 |     62 |     62 |     62 |     62 |     62 |     66 | 1.8548 | 2.1594 | true |     62 |     62 |     62 |     62 |     62 |     62 |     69 | 2.4552 | 1.9604 | true |     62 |     62
A                                        |  19452 |  19452 |   null | null | null | null |  19452 |  19452 |  19452 |  19452 |  19452 |  19452 |  19452 |  19452 |  19452 |  19452 |   null | null | null | null |  19452 |  19452 |  19452 |  19452 |  19452 |  19452 |   null | null | null | null |  19452 |  19452
AnarchoCapitalism                        |     52 |     52 |     52 | 1.3136 | 1.2633 | true |     52 |     52 |     52 |     52 |     52 |     52 |     52 |     52 |     52 |     52 |     58 | 1.4276 | 1.4300 | true |     52 |     52 |     52 |     52 |     52 |     52 |     62 | 1.5933 | 1.6304 | true |     52 |     52
AnarchoCapitalists                       |     52 |     52 |     52 | 1.2633 | 1.2403 | true |     52 |     52 |     52 |     52 |     52 |     52 |     52 |     52 |     52 |     52 |     58 | 1.4706 | 1.4051 | true |     52 |     52 |     52 |     52 |     52 |     52 |     62 | 1.5889 | 1.6212 | true |     52 |     52
ActressesS                               |     50 |     50 |     51 | 1.2931 | 1.3024 | true |     50 |     50 |     50 |     50 |     50 |     50 |     50 |     50 |     50 |     50 |     53 | 1.7370 | 1.7165 | true |     50 |     50 |     50 |     50 |     50 |     50 |     52 | 1.3493 | 1.3058 | true |     50 |     50
AnAmericanInParis                        |     54 |     54 |     55 | 1.6006 | 1.3684 | true |     54 |     54 |     54 |     54 |     54 |     54 |     54 |     54 |     54 |     54 |     56 | 1.3440 | 1.3151 | true |     54 |     54 |     54 |     54 |     54 |     54 |     55 | 1.3034 | 1.3440 | true |     54 |     54
AutoMorphism                             |     46 |     46 |     54 | 1.3513 | 1.3415 | true |     46 |     46 |     46 |     46 |     46 |     46 |     46 |     46 |     46 |     46 |     55 | 1.3239 | 1.2912 | true |     46 |     46 |     46 |     46 |     46 |     46 |     55 | 1.4354 | 1.3972 | true |     46 |     46
ActionFilm                               |     45 |     45 |     54 | 1.3048 | 1.3845 | true |     45 |     45 |     45 |     45 |     45 |     45 |     45 |     45 |     45 |     45 |     55 | 1.3097 | 1.2863 | true |     45 |     45 |     45 |     45 |     45 |     45 |     53 | 1.4324 | 1.2516 | true |     45 |     45
Alabama                                  | 168088 | 168088 |   null | null | null | null | 168088 | 168088 | 168088 | 168088 | 168088 | 168088 | 168088 | 168088 | 168088 | 168088 |   null | null | null | null | 168088 | 168088 | 168088 | 168088 | 168088 | 168088 |   null | null | null | null | 168088 | 168088
AfricA                                   |     41 |     41 |     48 | 1.4823 | 1.4256 | true |     41 |     41 |     41 |     41 |     41 |     41 |     41 |     41 |     41 |     41 |     50 | 1.6114 | 2.1389 | true |     41 |     41 |     41 |     41 |     41 |     41 |     49 | 1.1543 | 1.1587 | true |     41 |     41
Achilles                                 |  51211 |  51211 |   null | null | null | null |  51211 |  51211 |  51211 |  51211 |  51211 |  51211 |  51211 |  51211 |  51211 |  51211 |   null | null | null | null |  51211 |  51211 |  51211 |  51211 |  51211 |  51211 |   null | null | null | null |  51211 |  51211
AppliedStatistics                        |     44 |     44 |     50 | 1.2384 | 1.2706 | true |     44 |     44 |     44 |     44 |     44 |     44 |     44 |     44 |     44 |     44 |     51 | 1.1997 | 1.1880 | true |     44 |     44 |     44 |     44 |     44 |     44 |     51 | 2.0206 | 1.9169 | true |     44 |     44
Abraham Lincoln                          | 179104 | 179104 |   null | null | null | null | 179104 | 179104 | 179104 | 179104 | 179104 | 179104 | 179104 | 179104 | 179104 | 179104 |   null | null | null | null | 179104 | 179104 | 179104 | 179104 | 179104 | 179104 |   null | null | null | null | 179104 | 179104
Aristotle                                | 110077 | 110077 |   null | null | null | null | 110077 | 110077 | 110077 | 110077 | 110077 | 110077 | 110077 | 110077 | 110077 | 110077 |   null | null | null | null | 110077 | 110077 | 110077 | 110077 | 110077 | 110077 |   null | null | null | null | 110077 | 110077
An American in Paris                     |  15603 |  15603 |   null | null | null | null |  15603 |  15603 |  15603 |  15603 |  15603 |  15603 |  15603 |  15603 |  15603 |  15603 |   null | null | null | null |  15603 |  15603 |  15603 |  15603 |  15603 |  15603 |   null | null | null | null |  15603 |  15603
Academy Award for Best Production Design |  86370 |  86370 |   null | null | null | null |  86370 |  86370 |  86370 |  86370 |  86370 |  86370 |  86370 |  86370 |  86370 |  86370 |   null | null | null | null |  86370 |  86370 |  86370 |  86370 |  86370 |  86370 |   null | null | null | null |  86370 |  86370
Academy Awards                           |  78000 |  78000 |   null | null | null | null |  78000 |  78000 |  78000 |  78000 |  78000 |  78000 |  78000 |  78000 |  78000 |  78000 |   null | null | null | null |  78000 |  78000 |  78000 |  78000 |  78000 |  78000 |   null | null | null | null |  78000 |  78000
Action Film                              |     56 |     56 |     49 | 1.2178 | 1.2252 | true |     56 |     56 |     56 |     56 |     56 |     56 |     56 |     56 |     56 |     56 |     56 | 1.3792 | 1.5503 | true |     56 |     56 |     56 |     56 |     56 |     56 |     57 | 2.0499 | 1.9746 | true |     56 |     56
Actrius                                  |   5763 |   5763 |   null | null | null | null |   5763 |   5763 |   5763 |   5763 |   5763 |   5763 |   5763 |   5763 |   5763 |   5763 |   null | null | null | null |   5763 |   5763 |   5763 |   5763 |   5763 |   5763 |   null | null | null | null |   5763 |   5763
Animalia (book)                          |   5783 |   5783 |   3271 | 120.6079 | 112.3457 | true |   5783 |   5783 |   5783 |   5783 |   5783 |   5783 |   5783 |   5783 |   5783 |   5783 |   3505 | 134.0059 | 116.6978 | true |   5783 |   5783 |   5783 |   5783 |   5783 |   5783 |   4030 | 159.5235 | 134.1927 | true |   5783 |   5783
International Atomic Time                |  11976 |  11976 |   null | null | null | null |  11976 |  11976 |  11976 |  11976 |  11976 |  11976 |  11976 |  11976 |  11976 |  11976 |   null | null | null | null |  11976 |  11976 |  11976 |  11976 |  11976 |  11976 |   null | null | null | null |  11976 |  11976
Altruism                                 |  67373 |  67373 |   null | null | null | null |  67373 |  67373 |  67373 |  67373 |  67373 |  67373 |  67373 |  67373 |  67373 |  67373 |   null | null | null | null |  67373 |  67373 |  67373 |  67373 |  67373 |  67373 |   null | null | null | null |  67373 |  67373
AutoRacing                               |     45 |     45 |     52 | 1.3586 | 1.3542 | true |     45 |     45 |     45 |     45 |     45 |     45 |     45 |     45 |     45 |     45 |     52 | 1.2652 | 1.2755 | true |     45 |     45 |     45 |     45 |     45 |     45 |     51 | 1.9057 | 1.2780 | true |     45 |     45
Ayn Rand                                 |  89381 |  89381 |   null | null | null | null |  89381 |  89381 |  89381 |  89381 |  89381 |  89381 |  89381 |  89381 |  89381 |  89381 |   null | null | null | null |  89381 |  89381 |  89381 |  89381 |  89381 |  89381 |   null | null | null | null |  89381 |  89381
Alain Connes                             |   6198 |   6198 |   null | null | null | null |   6198 |   6198 |   6198 |   6198 |   6198 |   6198 |   6198 |   6198 |   6198 |   6198 |   null | null | null | null |   6198 |   6198 |   6198 |   6198 |   6198 |   6198 |   null | null | null | null |   6198 |   6198
Allan Dwan                               |  11264 |  11264 |   6913 | 268.5775 | 209.6810 | true |  11264 |  11264 |  11264 |  11264 |  11264 |  11264 |  11264 |  11264 |  11264 |  11264 |   8044 | 294.7282 | 242.6317 | true |  11264 |  11264 |  11264 |  11264 |  11264 |  11264 |   null | null | null | null |  11264 |  11264
Algeria/People                           |     57 |     57 |     54 | 1.4486 | 1.4476 | true |     57 |     57 |     57 |     57 |     57 |     57 |     57 |     57 |     57 |     57 |     55 | 1.4085 | 1.4505 | true |     57 |     57 |     57 |     57 |     57 |     57 |     48 | 1.1807 | 1.1572 | true |     57 |     57
Algeria/Transnational Issues             |     62 |     62 |     56 | 1.6060 | 1.5224 | true |     62 |     62 |     62 |     62 |     62 |     62 |     62 |     62 |     62 |     62 |     58 | 1.5258 | 1.5772 | true |     62 |     62 |     62 |     62 |     62 |     62 |     50 | 1.2608 | 1.3004 | true |     62 |     62
Algeria                                  | 120072 | 120072 |   null | null | null | null | 120072 | 120072 | 120072 | 120072 | 120072 | 120072 | 120072 | 120072 | 120072 | 120072 |   null | null | null | null | 120072 | 120072 | 120072 | 120072 | 120072 | 120072 |   null | null | null | null | 120072 | 120072
List of Atlas Shrugged characters        |  31725 |  31725 |   null | null | null | null |  31725 |  31725 |  31725 |  31725 |  31725 |  31725 |  31725 |  31725 |  31725 |  31725 |   null | null | null | null |  31725 |  31725 |  31725 |  31725 |  31725 |  31725 |   null | null | null | null |  31725 |  31725
Topics of note in Atlas Shrugged         |     28 |     28 |     35 | 0.9924 | 0.8551 | true |     28 |     28 |     28 |     28 |     28 |     28 |     28 |     28 |     28 |     28 |     32 | 0.8375 | 0.8145 | true |     28 |     28 |     28 |     28 |     28 |     28 |     37 | 0.9934 | 0.9382 | true |     28 |     28
Anthropology                             |  92134 |  92134 |   null | null | null | null |  92134 |  92134 |  92134 |  92134 |  92134 |  92134 |  92134 |  92134 |  92134 |  92134 |   null | null | null | null |  92134 |  92134 |  92134 |  92134 |  92134 |  92134 |   null | null | null | null |  92134 |  92134
Agricultural science                     |  13822 |  13822 |   null | null | null | null |  13822 |  13822 |  13822 |  13822 |  13822 |  13822 |  13822 |  13822 |  13822 |  13822 |   null | null | null | null |  13822 |  13822 |  13822 |  13822 |  13822 |  13822 |   null | null | null | null |  13822 |  13822
Alchemy                                  |  81528 |  81528 |   null | null | null | null |  81528 |  81528 |  81528 |  81528 |  81528 |  81528 |  81528 |  81528 |  81528 |  81528 |   null | null | null | null |  81528 |  81528 |  81528 |  81528 |  81528 |  81528 |   null | null | null | null |  81528 |  81528
Air Transport                            |     22 |     22 |     27 | 0.6111 | 0.6048 | true |     22 |     22 |     22 |     22 |     22 |     22 |     22 |     22 |     22 |     22 |     25 | 0.5705 | 0.6331 | true |     22 |     22 |     22 |     22 |     22 |     22 |     23 | 0.4493 | 0.4556 | true |     22 |     22
Alien                                    |   3799 |   3799 |   2525 | 83.5897 | 80.2609 | true |   3799 |   3799 |   3799 |   3799 |   3799 |   3799 |   3799 |   3799 |   3799 |   3799 |   2953 | 106.6721 | 98.9902 | true |   3799 |   3799 |   3799 |   3799 |   3799 |   3799 |   null | null | null | null |   3799 |   3799
Astronomer                               |   8253 |   8253 |   null | null | null | null |   8253 |   8253 |   8253 |   8253 |   8253 |   8253 |   8253 |   8253 |   8253 |   8253 |   null | null | null | null |   8253 |   8253 |   8253 |   8253 |   8253 |   8253 |   null | null | null | null |   8253 |   8253
Ameboid stage                            |     20 |     20 |     28 | 0.6620 | 0.7294 | true |     20 |     20 |     20 |     20 |     20 |     20 |     20 |     20 |     20 |     20 |     29 | 0.6536 | 0.6492 | true |     20 |     20 |     20 |     20 |     20 |     20 |     30 | 0.6678 | 0.9220 | true |     20 |     20
ASCII                                    | 100765 | 100765 |   null | null | null | null | 100765 | 100765 | 100765 | 100765 | 100765 | 100765 | 100765 | 100765 | 100765 | 100765 |   null | null | null | null | 100765 | 100765 | 100765 | 100765 | 100765 | 100765 |   null | null | null | null | 100765 | 100765
Ashmore And Cartier Islands              |     72 |     72 |     54 | 1.4334 | 1.4378 | true |     72 |     72 |     72 |     72 |     72 |     72 |     72 |     72 |     72 |     72 |     64 | 1.6588 | 1.7307 | true |     72 |     72 |     72 |     72 |     72 |     72 |     68 | 1.9732 | 1.8412 | true |     72 |     72
Austin (disambiguation)                  |   2073 |   2073 |   1340 | 47.1049 | 48.4357 | true |   2073 |   2073 |   2073 |   2073 |   2073 |   2073 |   2073 |   2073 |   2073 |   2073 |   1527 | 46.5725 | 49.1901 | true |   2073 |   2073 |   2073 |   2073 |   2073 |   2073 |   null | null | null | null |   2073 |   2073
Animation                                |  56003 |  56003 |   null | null | null | null |  56003 |  56003 |  56003 |  56003 |  56003 |  56003 |  56003 |  56003 |  56003 |  56003 |   null | null | null | null |  56003 |  56003 |  56003 |  56003 |  56003 |  56003 |   null | null | null | null |  56003 |  56003
Apollo                                   | 126677 | 126677 |   null | null | null | null | 126677 | 126677 | 126677 | 126677 | 126677 | 126677 | 126677 | 126677 | 126677 | 126677 |   null | null | null | null | 126677 | 126677 | 126677 | 126677 | 126677 | 126677 |   null | null | null | null | 126677 | 126677
Andre Agassi                             | 108263 | 108263 |   null | null | null | null | 108263 | 108263 | 108263 | 108263 | 108263 | 108263 | 108263 | 108263 | 108263 | 108263 |   null | null | null | null | 108263 | 108263 | 108263 | 108263 | 108263 | 108263 |   null | null | null | null | 108263 | 108263

